Data_da_Coleta;Nome_da_Maquina;Uso_de_Cpu;Uso_de_RAM;RAM_total_(bytes);RAM_usada_(bytes);Uso_de_Disco;Disco_total_(bytes);Disco_usado_(bytes);Disco_livre_(bytes);Disco_taxa_leitura_mbs;Disco_taxa_escrita_mbs;Disco_latencia_leitura;Disco_latencia_escrita;Net_bytes_enviados;Net_bytes_recebidos;Net_Down_(Mbps);Net_Up_(Mbps);Pacotes_IN_(intervalo);Pacotes_OUT_(intervalo);Conexões_TCP_ESTABLISHED;Latencia_(ms);Perda_de_Pacotes_(%);Uptime_(s)
2025-11-26 17:50:28;DESKTOP-J1U1KVK;38.8;90.7;8459812864;7673651200;63.4;239447568384;151907909632;87539658752;61.982580198564364;0.0;0.0;0;53107969;484237358;0.0;0.0;0;0;33;14.865399999962392;0.0;2147
2025-11-26 17:50:29;DESKTOP-J1U1KVK;15.5;90.2;8459812864;7633137664;63.4;239447568384;151907913728;87539654656;9.799379255254491;1.0467811090571946;0.0;0.0;53108833;484239209;0.013467674171415103;0.00628636979151953;15;13;32;12.276899999960733;0.0;2148
2025-11-26 17:50:30;DESKTOP-J1U1KVK;13.2;89.4;8459812864;7562113024;63.4;239447568384;151907848192;87539720192;3.4648910321503883;32.32293323097428;0.0;0.0;53110516;484240196;0.00799292238399393;0.012678688381019588;13;17;32;5.830999999943742;0.0;2149
2025-11-26 17:50:31;DESKTOP-J1U1KVK;17.4;88.5;8459812864;7483924480;63.4;239447568384;151907848192;87539720192;0.8714622324263002;78.95932988579744;0.0;0.001718213058419244;53111454;484241064;0.005991752473462127;0.007078417909455258;8;14;32;7.565899999917747;0.0;2150
2025-11-26 17:50:32;DESKTOP-J1U1KVK;11.5;88.4;8459812864;7482507264;63.4;239447568384;151907848192;87539720192;2.2812428908427065;0.14561124835166211;0.0;0.0;53116618;484242767;0.012920416154236279;0.0391785255551827;15;17;32;7.1224999996957195;0.0;2151
2025-11-26 17:50:34;DESKTOP-J1U1KVK;8.8;88.6;8459812864;7497879552;63.4;239447568384;151907848192;87539720192;22.379801355908754;0.0;0.0;0;53117349;484251496;0.06627775592204235;0.005550353944210444;33;11;32;29.2754000001878;0.0;2152
2025-11-26 17:50:35;DESKTOP-J1U1KVK;10.2;88.6;8459812864;7491956736;63.4;239447568384;151907848192;87539720192;3.2445883318649984;0.5104867420235524;0.0;0.0;53118081;484252270;0.0057630911612690594;0.005450365284300971;9;11;31;16.95880000033867;0.0;2153
2025-11-26 17:50:36;DESKTOP-J1U1KVK;15.6;89.1;8459812864;7535005696;63.4;239447568384;151907848192;87539720192;46.36228155746745;0.18091564711339966;0.0007757951900698216;0.0;53125908;484255678;0.025703576967999995;0.05903224675133097;17;14;31;8.316100000229198;0.0;2154
2025-11-26 17:50:37;DESKTOP-J1U1KVK;5.2;89.3;8459812864;7552331776;63.4;239447568384;151907848192;87539720192;14.255708824251766;0.10517727194701289;0.0;0.0;53126766;484256522;0.00644794890382363;0.006554905402228287;11;12;31;20.945599999777187;0.0;2155
2025-11-26 17:50:38;DESKTOP-J1U1KVK;4.0;89.3;8459812864;7552688128;63.4;239447568384;151907848192;87539720192;3.3319652796497228;0.08696063229855046;0.0;0.0;53132731;484257692;0.008771765411505693;0.044721009127890135;15;16;31;7.278700000370009;0.0;2156
2025-11-26 17:50:48;DESKTOP-J1U1KVK;29.8;89.9;8459812864;7602831360;63.4;239447568384;151907991552;87539576832;0.0;0.0;0;0;53258451;484322240;0.0;0.0;0;0;33;21.58929999995962;0.0;2167
2025-11-26 17:50:49;DESKTOP-J1U1KVK;13.0;89.9;8459812864;7602118656;63.4;239447568384;151907991552;87539576832;7.637281824315408;0.07541544847804359;0.0;0.0;53269547;484328792;0.04855897966850472;0.0822360253970892;18;16;32;7.087599999977101;0.0;2168
2025-11-26 17:50:50;DESKTOP-J1U1KVK;11.6;90.0;8459812864;7610036224;63.4;239447568384;151907991552;87539576832;10.627351032126763;0.036553497541710826;0.0;0.0;53270235;484329378;0.004443678975665249;0.005217152107948279;8;10;32;7.025999999768828;0.0;2169
2025-11-26 17:50:51;DESKTOP-J1U1KVK;18.0;90.1;8459812864;7623098368;63.4;239447568384;151907991552;87539576832;0.7789516475244495;0.0;0.0;0;53271601;484330819;0.010929687070389873;0.010360827576788733;14;18;32;7.4411000000509375;0.0;2170
2025-11-26 17:50:52;DESKTOP-J1U1KVK;9.7;90.2;8459812864;7627907072;63.4;239447568384;151907991552;87539576832;0.9972450471637295;0.14875263017637416;0.0;0.0;53276780;484340572;0.07399739476517225;0.03929380780158178;38;18;32;11.891000000105123;0.0;2171
2025-11-26 17:50:53;DESKTOP-J1U1KVK;47.8;93.1;8459812864;7875317760;63.4;239447568384;151907995648;87539572736;198.14676120341684;0.18884904716594045;0.00022753128555176336;0.0;53293221;484353348;0.09632084128441422;0.12395201561968175;34;32;32;8.714399999917077;0.0;2172
2025-11-26 17:50:54;DESKTOP-J1U1KVK;27.2;92.1;8459812864;7791972352;63.4;239447568384;151907930112;87539638272;37.89730935612494;0.1049313185968038;0.0;0.0;53293972;484354108;0.005756036998823608;0.005687873402784907;9;11;32;7.313900000099238;0.0;2173
2025-11-26 17:50:55;DESKTOP-J1U1KVK;23.7;89.8;8459812864;7599058944;63.4;239447568384;151907930112;87539638272;10.881336649489361;0.478504321726309;0.0;0.0;53294784;484354840;0.00554695474457656;0.0061531793068253645;10;12;31;6.500099999811937;0.0;2174
2025-11-26 17:50:56;DESKTOP-J1U1KVK;23.2;91.9;8459812864;7776055296;63.4;239447568384;151907930112;87539638272;158.91897428680312;18.55914498115843;0.0006022282445046673;0.0;53300918;484357873;0.02311959397023872;0.046757530304465646;22;18;31;7.616500000040105;0.0;2175
2025-11-26 17:50:57;DESKTOP-J1U1KVK;33.2;91.5;8459812864;7739650048;63.4;239447568384;151907934208;87539634176;158.0224186283251;195.761448407045;0.0002754820936639118;0.001266624445851805;53301620;484360163;0.017942995694704023;0.005905097567884827;11;11;31;6.585099999938393;0.0;2176
2025-11-26 17:50:58;DESKTOP-J1U1KVK;38.9;93.9;8459812864;7941885952;63.4;239447568384;151907934208;87539634176;473.5071492262398;0.7363878961549178;0.0003348961821835231;0.0;53316009;484372175;0.09091891148897069;0.10822569634470541;46;38;32;6.271300000207702;0.0;2177
2025-11-26 17:51:00;DESKTOP-J1U1KVK;47.9;96.2;8459812864;8139522048;63.4;239447568384;151907934208;87539634176;262.2460051423385;4.088214977546956;0.00012740476493820868;0.0;53316686;484372837;0.003839753655803846;0.004507210834254124;7;9;32;9.002899999813962;0.0;2178
2025-11-26 17:51:02;DESKTOP-J1U1KVK;63.4;88.6;8459812864;7499419648;63.4;239447568384;151907934208;87539634176;96.83961458470557;1.3847871942788723;0.00034818941504178273;0.0;53327124;484381735;0.028629451864883408;0.03358442555244471;34;30;33;6.656800000200747;0.0;2181
2025-11-26 17:51:03;DESKTOP-J1U1KVK;27.7;84.6;8459812864;7154257920;63.4;239447568384;151907934208;87539634176;3.4096145485946243;168.68966502548435;0.0;0.0014255167498218105;53327726;484382295;0.004250865188650329;0.0045696800777991035;8;9;33;6.688200000098732;0.0;2182
2025-11-26 18:01:35;DESKTOP-J1U1KVK;22.6;86.7;8459812864;7331794944;63.5;239447568384;152149479424;87298088960;184.8966551009576;0.0;0.0;0;66991473;524488481;0.0;0.0;0;0;33;15.933799999857001;0.0;2814
2025-11-26 18:01:36;DESKTOP-J1U1KVK;7.3;86.6;8459812864;7327428608;63.5;239447568384;152149479424;87298088960;13.31361580218291;0.3986533158020737;0.0;0.0;67006843;524503208;0.10654096178774432;0.11119267893512802;30;31;32;8.425399999850924;0.0;2815
2025-11-26 18:01:37;DESKTOP-J1U1KVK;16.1;86.0;8459812864;7274647552;63.5;239447568384;152149479424;87298088960;2.8925991652947527;0.1681743700752763;0.0;0.0;67007967;524504760;0.011800767011838872;0.008546431779192586;15;15;32;7.627299999967363;0.0;2816
2025-11-26 18:01:38;DESKTOP-J1U1KVK;18.8;84.8;8459812864;7172059136;63.5;239447568384;152149479424;87298088960;1.304958691176673;0.012048624279330077;0.0;0.0;67008595;524505812;0.008027313468214007;0.004791970397374901;9;9;32;6.715999999869382;0.0;2817
2025-11-26 18:01:40;DESKTOP-J1U1KVK;5.2;84.8;8459812864;7174967296;63.5;239447568384;152149479424;87298088960;3.215926062312513;0.006954857401194881;0.0;0.0;67009123;524506236;0.0032280668228865414;0.004019856798311542;6;8;32;7.909700000254816;0.0;2818
2025-11-26 18:01:41;DESKTOP-J1U1KVK;3.0;84.8;8459812864;7175217152;63.5;239447568384;152149544960;87298023424;0.30672806606445957;0.019638077400468447;0.0;0.0;67009575;524514294;0.06172490783489264;0.0034623552173456778;25;7;32;7.37810000009631;0.0;2819
2025-11-26 18:01:42;DESKTOP-J1U1KVK;5.5;84.8;8459812864;7176830976;63.5;239447568384;152149544960;87298023424;0.4149563352120513;0.0;0.0;0;67112697;524548506;0.25862337781622113;0.779544018682461;119;82;35;55.999599999722705;0.0;2820
2025-11-26 18:01:43;DESKTOP-J1U1KVK;9.5;84.9;8459812864;7184650240;63.5;239447568384;152149549056;87298019328;0.6316178559050218;0.010411283339093767;0.0;0.0;67113401;524549276;0.005491037352335253;0.005020377007849374;10;10;35;6.619400000090536;0.0;2821
2025-11-26 18:01:44;DESKTOP-J1U1KVK;3.4;85.0;8459812864;7195054080;63.5;239447568384;152149549056;87298019328;0.47322406149058305;0.8886924304370398;0.0;0.0;67114003;524549836;0.004273914819161269;0.004594458430598364;8;9;35;6.996499999786465;0.0;2822
2025-11-26 18:01:45;DESKTOP-J1U1KVK;4.8;85.0;8459812864;7191928832;63.5;239447568384;152149549056;87298019328;1.215135351452064;0.13553432766196097;0.0;0.0;67114831;524550582;0.005713461299674314;0.006341482514920017;10;12;35;7.515599999806;0.0;2823
2025-11-26 18:01:46;DESKTOP-J1U1KVK;3.1;85.0;8459812864;7192678400;63.5;239447568384;152149549056;87298019328;0.4663884001039718;0.12577797404378768;0.0;0.0;67115666;524551904;0.010393837702706613;0.006836467779855508;14;13;35;45.199800000318646;0.0;2824
2025-11-26 18:01:47;DESKTOP-J1U1KVK;7.5;85.0;8459812864;7188963328;63.5;239447568384;152149549056;87298019328;4.411987212417196;0.0;0.0;0;67116493;524552613;0.004796546338823835;0.005565176260607624;8;10;35;71.53059999973266;0.0;2825
2025-11-26 18:01:49;DESKTOP-J1U1KVK;11.4;85.1;8459812864;7199969280;63.5;239447568384;152149483520;87298084864;2.5778923678025523;0.09700070387267681;0.0;0.0;67140672;524563184;0.03596839724952714;0.0822703506854902;50;45;33;16.937100000177452;0.0;2828
2025-11-26 18:01:50;DESKTOP-J1U1KVK;11.7;85.4;8459812864;7225692160;63.5;239447568384;152149483520;87298084864;6.4035539860039865;0.5170685833526207;0.0;0.0;67141736;524564149;0.007269658470127553;0.008015457629239085;12;14;33;6.4523999999437365;0.0;2829
2025-11-26 18:01:51;DESKTOP-J1U1KVK;9.0;85.5;8459812864;7236587520;63.5;239447568384;152149483520;87298084864;1.0689873098378881;0.036189674551803504;0.0;0.0;67142937;524565374;0.009303353498194165;0.009121083715372402;13;16;33;6.584799999927782;0.0;2830
2025-11-26 18:01:53;DESKTOP-J1U1KVK;8.7;85.1;8459812864;7199170560;63.5;239447568384;152149549056;87298019328;0.537526509472984;0.0;0.0;0;67143789;524567572;0.01651192992570775;0.006400438715515471;11;11;33;7.082399999944755;0.0;2831
2025-11-26 18:01:54;DESKTOP-J1U1KVK;10.8;85.2;8459812864;7211225088;63.5;239447568384;152149549056;87298019328;2.232961539751865;0.12441048052482635;0.0;0.0;67144682;524568445;0.006618493686180271;0.006770120116562408;10;12;33;8.232700000007753;0.0;2832
2025-11-26 18:01:55;DESKTOP-J1U1KVK;13.3;85.2;8459812864;7211827200;63.5;239447568384;152149549056;87298019328;2.529462466705846;0.015762779301319422;0.0;0.0;67145531;524569404;0.007299834716596913;0.006462523122409572;13;12;32;10.048699999970268;;2833
