Timestamp_Coleta;Hostname;PID;Nome_Processo;Status;Uso_Ram_Percent;Uso_Cpu_Percent;Num_Threads
2025-11-26 18:21:07;DESKTOP-J1U1KVK;0;System Idle Process;running;0.0;0.0;24
2025-11-26 18:21:07;DESKTOP-J1U1KVK;4;System;running;0.0;0.0;302
2025-11-26 18:21:07;DESKTOP-J1U1KVK;176;Registry;running;0.1;0.0;4
2025-11-26 18:21:07;DESKTOP-J1U1KVK;324;Code.exe;running;0.3;0.0;9
2025-11-26 18:21:07;DESKTOP-J1U1KVK;608;IntelCpHDCPSvc.exe;running;0.0;0.0;3
2025-11-26 18:21:07;DESKTOP-J1U1KVK;624;smss.exe;running;0.0;0.0;2
2025-11-26 18:21:07;DESKTOP-J1U1KVK;660;csrss.exe;running;0.0;0.0;14
2025-11-26 18:21:07;DESKTOP-J1U1KVK;756;wininit.exe;running;0.0;0.0;1
2025-11-26 18:21:07;DESKTOP-J1U1KVK;804;svchost.exe;running;0.0;0.0;3
2025-11-26 18:21:07;DESKTOP-J1U1KVK;956;csrss.exe;running;0.0;0.0;14
2025-11-26 18:21:07;DESKTOP-J1U1KVK;1028;winlogon.exe;running;0.0;0.0;3
2025-11-26 18:21:07;DESKTOP-J1U1KVK;1072;chrome.exe;running;0.0;0.0;11
2025-11-26 18:21:07;DESKTOP-J1U1KVK;1100;services.exe;running;0.1;0.0;12
2025-11-26 18:21:07;DESKTOP-J1U1KVK;1108;lsass.exe;running;0.1;0.0;10
2025-11-26 18:21:07;DESKTOP-J1U1KVK;1144;svchost.exe;running;0.0;0.0;9
2025-11-26 18:21:07;DESKTOP-J1U1KVK;1168;svchost.exe;running;0.0;0.0;5
2025-11-26 18:21:07;DESKTOP-J1U1KVK;1200;bash.exe;running;0.0;0.0;1
2025-11-26 18:21:07;DESKTOP-J1U1KVK;1220;msedgewebview2.exe;running;0.0;0.0;10
2025-11-26 18:21:07;DESKTOP-J1U1KVK;1252;svchost.exe;running;0.1;0.0;17
2025-11-26 18:21:07;DESKTOP-J1U1KVK;1284;fontdrvhost.exe;running;0.0;0.0;5
2025-11-26 18:21:07;DESKTOP-J1U1KVK;1288;fontdrvhost.exe;running;0.0;0.0;5
2025-11-26 18:21:07;DESKTOP-J1U1KVK;1312;WUDFHost.exe;running;0.0;0.0;14
2025-11-26 18:21:07;DESKTOP-J1U1KVK;1420;svchost.exe;running;0.1;0.0;10
2025-11-26 18:21:07;DESKTOP-J1U1KVK;1452;chrome.exe;running;0.5;0.0;17
2025-11-26 18:21:07;DESKTOP-J1U1KVK;1468;svchost.exe;running;0.0;0.0;5
2025-11-26 18:21:07;DESKTOP-J1U1KVK;1512;mintty.exe;running;0.0;0.0;6
2025-11-26 18:21:07;DESKTOP-J1U1KVK;1528;WUDFHost.exe;running;0.0;0.0;5
2025-11-26 18:21:07;DESKTOP-J1U1KVK;1592;dwm.exe;running;0.5;0.0;17
2025-11-26 18:21:07;DESKTOP-J1U1KVK;1736;bash.exe;running;0.0;0.0;3
2025-11-26 18:21:07;DESKTOP-J1U1KVK;1780;svchost.exe;running;0.0;0.0;4
2025-11-26 18:21:07;DESKTOP-J1U1KVK;1792;svchost.exe;running;0.0;0.0;3
2025-11-26 18:21:07;DESKTOP-J1U1KVK;1796;svchost.exe;running;0.0;0.0;3
2025-11-26 18:21:07;DESKTOP-J1U1KVK;1832;chrome.exe;running;0.1;0.0;20
2025-11-26 18:21:07;DESKTOP-J1U1KVK;1880;SupportAssistAgent.exe;running;0.3;0.0;49
2025-11-26 18:21:07;DESKTOP-J1U1KVK;1884;svchost.exe;running;0.0;0.0;6
2025-11-26 18:21:07;DESKTOP-J1U1KVK;1936;svchost.exe;running;0.0;0.0;5
2025-11-26 18:21:07;DESKTOP-J1U1KVK;1948;svchost.exe;running;0.0;0.0;2
2025-11-26 18:21:07;DESKTOP-J1U1KVK;1992;svchost.exe;running;0.1;0.0;13
2025-11-26 18:21:07;DESKTOP-J1U1KVK;2060;svchost.exe;running;0.0;0.0;4
2025-11-26 18:21:07;DESKTOP-J1U1KVK;2096;svchost.exe;running;0.1;0.0;10
2025-11-26 18:21:07;DESKTOP-J1U1KVK;2144;svchost.exe;running;0.0;0.0;2
2025-11-26 18:21:07;DESKTOP-J1U1KVK;2236;svchost.exe;running;0.0;0.0;5
2025-11-26 18:21:07;DESKTOP-J1U1KVK;2256;IntelCpHeciSvc.exe;running;0.0;0.0;3
2025-11-26 18:21:07;DESKTOP-J1U1KVK;2344;svchost.exe;running;0.1;0.0;19
2025-11-26 18:21:07;DESKTOP-J1U1KVK;2360;svchost.exe;running;0.0;0.0;3
2025-11-26 18:21:07;DESKTOP-J1U1KVK;2436;Code.exe;running;0.2;0.0;24
2025-11-26 18:21:07;DESKTOP-J1U1KVK;2444;Code.exe;running;3.6;0.0;17
2025-11-26 18:21:07;DESKTOP-J1U1KVK;2484;chrome.exe;running;1.9;0.0;22
2025-11-26 18:21:07;DESKTOP-J1U1KVK;2488;chrome.exe;running;1.1;0.0;20
2025-11-26 18:21:07;DESKTOP-J1U1KVK;2560;igfxCUIService.exe;running;0.0;0.0;2
2025-11-26 18:21:07;DESKTOP-J1U1KVK;2644;svchost.exe;running;0.1;0.0;8
2025-11-26 18:21:07;DESKTOP-J1U1KVK;2736;svchost.exe;running;0.0;0.0;5
2025-11-26 18:21:07;DESKTOP-J1U1KVK;2744;svchost.exe;running;0.0;0.0;3
2025-11-26 18:21:07;DESKTOP-J1U1KVK;2856;svchost.exe;running;0.1;0.0;12
2025-11-26 18:21:07;DESKTOP-J1U1KVK;2868;svchost.exe;running;0.0;0.0;3
2025-11-26 18:21:07;DESKTOP-J1U1KVK;2876;svchost.exe;running;0.0;0.0;6
2025-11-26 18:21:07;DESKTOP-J1U1KVK;2928;MemCompression;running;1.0;0.0;54
2025-11-26 18:21:07;DESKTOP-J1U1KVK;3016;svchost.exe;running;0.2;0.0;17
2025-11-26 18:21:07;DESKTOP-J1U1KVK;3032;svchost.exe;running;0.0;0.0;3
2025-11-26 18:21:07;DESKTOP-J1U1KVK;3052;svchost.exe;running;0.0;0.0;3
2025-11-26 18:21:07;DESKTOP-J1U1KVK;3092;Code.exe;running;1.0;0.0;17
2025-11-26 18:21:07;DESKTOP-J1U1KVK;3096;bash.exe;running;0.1;0.0;5
2025-11-26 18:21:07;DESKTOP-J1U1KVK;3100;svchost.exe;running;0.0;0.0;7
2025-11-26 18:21:07;DESKTOP-J1U1KVK;3140;svchost.exe;running;0.1;0.0;9
2025-11-26 18:21:07;DESKTOP-J1U1KVK;3200;svchost.exe;running;0.0;0.0;2
2025-11-26 18:21:07;DESKTOP-J1U1KVK;3208;Video.UI.exe;stopped;0.0;0.0;15
2025-11-26 18:21:07;DESKTOP-J1U1KVK;3224;svchost.exe;running;0.0;0.0;4
2025-11-26 18:21:07;DESKTOP-J1U1KVK;3236;chrome.exe;running;0.1;0.0;11
2025-11-26 18:21:07;DESKTOP-J1U1KVK;3252;svchost.exe;running;0.0;0.0;5
2025-11-26 18:21:07;DESKTOP-J1U1KVK;3276;svchost.exe;running;0.1;0.0;12
2025-11-26 18:21:07;DESKTOP-J1U1KVK;3352;svchost.exe;running;0.0;0.0;4
2025-11-26 18:21:07;DESKTOP-J1U1KVK;3396;AppActions.exe;running;0.0;0.0;6
2025-11-26 18:21:07;DESKTOP-J1U1KVK;3408;svchost.exe;running;0.0;0.0;12
2025-11-26 18:21:07;DESKTOP-J1U1KVK;3444;svchost.exe;running;0.0;0.0;9
2025-11-26 18:21:07;DESKTOP-J1U1KVK;3476;svchost.exe;running;0.1;0.0;19
2025-11-26 18:21:07;DESKTOP-J1U1KVK;3488;svchost.exe;running;0.1;0.0;5
2025-11-26 18:21:07;DESKTOP-J1U1KVK;3540;ServiceShell.exe;running;0.3;0.0;35
2025-11-26 18:21:07;DESKTOP-J1U1KVK;3664;svchost.exe;running;0.1;0.0;16
2025-11-26 18:21:07;DESKTOP-J1U1KVK;3704;svchost.exe;running;0.0;0.0;5
2025-11-26 18:21:07;DESKTOP-J1U1KVK;3744;chrome.exe;running;0.3;0.0;23
2025-11-26 18:21:07;DESKTOP-J1U1KVK;3800;spoolsv.exe;running;0.0;0.0;9
2025-11-26 18:21:07;DESKTOP-J1U1KVK;3812;escsvc64.exe;running;0.0;0.0;2
2025-11-26 18:21:07;DESKTOP-J1U1KVK;3860;svchost.exe;running;0.1;0.0;16
2025-11-26 18:21:07;DESKTOP-J1U1KVK;3916;svchost.exe;running;0.0;0.0;7
2025-11-26 18:21:07;DESKTOP-J1U1KVK;3980;mintty.exe;running;0.0;0.0;6
2025-11-26 18:21:07;DESKTOP-J1U1KVK;4064;bash.exe;running;0.0;0.0;3
2025-11-26 18:21:07;DESKTOP-J1U1KVK;4080;Dell.TechHub.exe;running;0.0;0.0;29
2025-11-26 18:21:07;DESKTOP-J1U1KVK;4092;svchost.exe;running;0.1;0.0;10
2025-11-26 18:21:07;DESKTOP-J1U1KVK;4144;svchost.exe;running;0.0;0.0;8
2025-11-26 18:21:07;DESKTOP-J1U1KVK;4156;IntelAudioService.exe;running;0.0;0.0;8
2025-11-26 18:21:07;DESKTOP-J1U1KVK;4208;OneApp.IGCC.WinService.exe;running;0.1;0.0;11
2025-11-26 18:21:07;DESKTOP-J1U1KVK;4220;jhi_service.exe;running;0.0;0.0;2
2025-11-26 18:21:07;DESKTOP-J1U1KVK;4240;svchost.exe;running;0.2;0.0;19
2025-11-26 18:21:07;DESKTOP-J1U1KVK;4252;svchost.exe;running;0.1;0.0;13
2025-11-26 18:21:07;DESKTOP-J1U1KVK;4272;esif_uf.exe;running;0.0;0.0;3
2025-11-26 18:21:07;DESKTOP-J1U1KVK;4296;OfficeClickToRun.exe;running;0.1;0.0;24
2025-11-26 18:21:07;DESKTOP-J1U1KVK;4304;chrome.exe;running;0.2;0.0;23
2025-11-26 18:21:07;DESKTOP-J1U1KVK;4328;dasHost.exe;running;0.0;0.0;1
2025-11-26 18:21:07;DESKTOP-J1U1KVK;4340;svchost.exe;running;0.0;0.0;7
2025-11-26 18:21:07;DESKTOP-J1U1KVK;4388;svchost.exe;running;0.0;0.0;1
2025-11-26 18:21:07;DESKTOP-J1U1KVK;4396;MpDefenderCoreService.exe;running;0.0;0.0;11
2025-11-26 18:21:07;DESKTOP-J1U1KVK;4420;RstMwService.exe;running;0.0;0.0;7
2025-11-26 18:21:07;DESKTOP-J1U1KVK;4444;mysqld.exe;running;0.0;0.0;3
2025-11-26 18:21:07;DESKTOP-J1U1KVK;4488;RvControlSvc.exe;running;0.1;0.0;38
2025-11-26 18:21:07;DESKTOP-J1U1KVK;4508;RtkAudUService64.exe;running;0.0;0.0;8
2025-11-26 18:21:07;DESKTOP-J1U1KVK;4524;svchost.exe;running;0.0;0.0;3
2025-11-26 18:21:07;DESKTOP-J1U1KVK;4540;msedgewebview2.exe;running;0.1;0.0;19
2025-11-26 18:21:07;DESKTOP-J1U1KVK;4552;MsMpEng.exe;running;1.5;0.0;41
2025-11-26 18:21:07;DESKTOP-J1U1KVK;4580;WavesSysSvc64.exe;running;0.0;0.0;5
2025-11-26 18:21:07;DESKTOP-J1U1KVK;4604;WMIRegistrationService.exe;running;0.0;0.0;2
2025-11-26 18:21:07;DESKTOP-J1U1KVK;4624;MSPCManager.exe;running;0.2;0.0;37
2025-11-26 18:21:07;DESKTOP-J1U1KVK;4640;bash.exe;running;0.0;0.0;3
2025-11-26 18:21:07;DESKTOP-J1U1KVK;4684;svchost.exe;running;0.0;0.0;8
2025-11-26 18:21:07;DESKTOP-J1U1KVK;4716;svchost.exe;running;0.0;0.0;1
2025-11-26 18:21:07;DESKTOP-J1U1KVK;5052;Code.exe;running;0.1;0.0;17
2025-11-26 18:21:07;DESKTOP-J1U1KVK;5184;dasHost.exe;running;0.0;0.0;3
2025-11-26 18:21:07;DESKTOP-J1U1KVK;5228;MBAMService.exe;running;0.6;0.0;106
2025-11-26 18:21:07;DESKTOP-J1U1KVK;5304;taskhostw.exe;running;0.0;0.0;6
2025-11-26 18:21:07;DESKTOP-J1U1KVK;5316;backgroundTaskHost.exe;stopped;0.0;0.0;13
2025-11-26 18:21:07;DESKTOP-J1U1KVK;5352;svchost.exe;running;0.0;0.0;12
2025-11-26 18:21:07;DESKTOP-J1U1KVK;5376;conhost.exe;running;0.0;0.0;5
2025-11-26 18:21:07;DESKTOP-J1U1KVK;5416;mysqld.exe;running;0.0;0.0;45
2025-11-26 18:21:07;DESKTOP-J1U1KVK;5576;conhost.exe;running;0.0;0.0;4
2025-11-26 18:21:07;DESKTOP-J1U1KVK;5880;svchost.exe;running;0.0;0.0;8
2025-11-26 18:21:07;DESKTOP-J1U1KVK;5892;chrome.exe;running;0.8;0.0;20
2025-11-26 18:21:07;DESKTOP-J1U1KVK;5968;conhost.exe;running;0.0;0.0;5
2025-11-26 18:21:07;DESKTOP-J1U1KVK;6024;svchost.exe;running;0.3;0.0;12
2025-11-26 18:21:07;DESKTOP-J1U1KVK;6388;chrome.exe;running;11.3;0.0;28
2025-11-26 18:21:07;DESKTOP-J1U1KVK;6416;svchost.exe;running;0.0;0.0;4
2025-11-26 18:21:07;DESKTOP-J1U1KVK;6452;svchost.exe;running;0.0;0.0;5
2025-11-26 18:21:07;DESKTOP-J1U1KVK;6560;WmiPrvSE.exe;running;0.2;0.0;9
2025-11-26 18:21:07;DESKTOP-J1U1KVK;6580;CodeSetup-stable-bf9252a2fb45be6893dd8870c0bf37e2e1766d61.exe;running;0.0;0.0;1
2025-11-26 18:21:07;DESKTOP-J1U1KVK;6628;bash.exe;running;0.0;0.0;3
2025-11-26 18:21:07;DESKTOP-J1U1KVK;6844;svchost.exe;running;0.0;0.0;3
2025-11-26 18:21:07;DESKTOP-J1U1KVK;7268;bash.exe;running;0.0;0.0;1
2025-11-26 18:21:07;DESKTOP-J1U1KVK;7392;msedgewebview2.exe;running;0.0;0.0;7
2025-11-26 18:21:07;DESKTOP-J1U1KVK;7476;Dell.TechHub.Instrumentation.SubAgent.exe;running;0.4;0.0;32
2025-11-26 18:21:07;DESKTOP-J1U1KVK;7496;Dell.CoreServices.Client.exe;running;0.1;0.0;34
2025-11-26 18:21:07;DESKTOP-J1U1KVK;7504;conhost.exe;running;0.0;0.0;4
2025-11-26 18:21:07;DESKTOP-J1U1KVK;7512;Dell.TechHub.DataManager.SubAgent.exe;running;0.2;0.0;15
2025-11-26 18:21:07;DESKTOP-J1U1KVK;7520;Dell.Update.SubAgent.exe;running;0.1;0.0;21
2025-11-26 18:21:07;DESKTOP-J1U1KVK;7548;conhost.exe;running;0.0;0.0;4
2025-11-26 18:21:07;DESKTOP-J1U1KVK;7556;Dell.TechHub.Diagnostics.SubAgent.exe;running;0.1;0.0;21
2025-11-26 18:21:07;DESKTOP-J1U1KVK;7564;conhost.exe;running;0.0;0.0;4
2025-11-26 18:21:07;DESKTOP-J1U1KVK;7572;Dell.TechHub.Analytics.SubAgent.exe;running;0.1;0.0;20
2025-11-26 18:21:07;DESKTOP-J1U1KVK;7604;conhost.exe;running;0.0;0.0;4
2025-11-26 18:21:07;DESKTOP-J1U1KVK;7628;conhost.exe;running;0.0;0.0;4
2025-11-26 18:21:07;DESKTOP-J1U1KVK;7632;WmiPrvSE.exe;running;0.0;0.0;6
2025-11-26 18:21:07;DESKTOP-J1U1KVK;7664;chrome.exe;running;1.2;0.0;23
2025-11-26 18:21:07;DESKTOP-J1U1KVK;7792;svchost.exe;running;0.1;0.0;12
2025-11-26 18:21:07;DESKTOP-J1U1KVK;8056;chrome.exe;running;0.7;0.0;20
2025-11-26 18:21:07;DESKTOP-J1U1KVK;8120;Code.exe;running;5.4;0.0;10
2025-11-26 18:21:07;DESKTOP-J1U1KVK;8168;conhost.exe;running;0.0;0.0;3
2025-11-26 18:21:07;DESKTOP-J1U1KVK;8308;Dell.TechHub.Instrumentation.UserProcess.exe;running;0.1;0.0;25
2025-11-26 18:21:07;DESKTOP-J1U1KVK;8480;svchost.exe;running;0.1;0.0;7
2025-11-26 18:21:07;DESKTOP-J1U1KVK;8532;MoUsoCoreWorker.exe;running;0.4;0.0;11
2025-11-26 18:21:07;DESKTOP-J1U1KVK;8544;chrome.exe;running;1.7;0.0;17
2025-11-26 18:21:07;DESKTOP-J1U1KVK;8576;MSPCManagerService.exe;running;0.2;0.0;26
2025-11-26 18:21:07;DESKTOP-J1U1KVK;8632;Code.exe;running;0.6;0.0;53
2025-11-26 18:21:07;DESKTOP-J1U1KVK;8740;Code.exe;running;0.3;0.0;23
2025-11-26 18:21:07;DESKTOP-J1U1KVK;8772;PresentationFontCache.exe;running;0.0;0.0;4
2025-11-26 18:21:07;DESKTOP-J1U1KVK;8800;wlanext.exe;running;0.0;0.0;2
2025-11-26 18:21:07;DESKTOP-J1U1KVK;8856;svchost.exe;running;0.1;0.0;13
2025-11-26 18:21:07;DESKTOP-J1U1KVK;8924;SystemSettings.exe;stopped;0.0;0.0;46
2025-11-26 18:21:07;DESKTOP-J1U1KVK;9052;chrome.exe;running;1.0;0.0;20
2025-11-26 18:21:07;DESKTOP-J1U1KVK;9072;conhost.exe;running;0.0;0.0;5
2025-11-26 18:21:07;DESKTOP-J1U1KVK;9112;sihost.exe;running;0.2;0.0;12
2025-11-26 18:21:07;DESKTOP-J1U1KVK;9144;svchost.exe;running;0.1;0.0;11
2025-11-26 18:21:07;DESKTOP-J1U1KVK;9184;svchost.exe;running;0.0;0.0;5
2025-11-26 18:21:07;DESKTOP-J1U1KVK;9212;AggregatorHost.exe;running;0.0;0.0;3
2025-11-26 18:21:07;DESKTOP-J1U1KVK;9244;git-bash.exe;running;0.0;0.0;1
2025-11-26 18:21:07;DESKTOP-J1U1KVK;9268;taskhostw.exe;running;0.0;0.0;9
2025-11-26 18:21:07;DESKTOP-J1U1KVK;9284;conhost.exe;running;0.0;0.0;2
2025-11-26 18:21:07;DESKTOP-J1U1KVK;9344;explorer.exe;running;1.8;0.0;109
2025-11-26 18:21:07;DESKTOP-J1U1KVK;9352;ShellHost.exe;running;0.1;0.0;7
2025-11-26 18:21:07;DESKTOP-J1U1KVK;9368;svchost.exe;running;0.1;0.0;7
2025-11-26 18:21:07;DESKTOP-J1U1KVK;9400;svchost.exe;running;0.0;0.0;2
2025-11-26 18:21:07;DESKTOP-J1U1KVK;9592;msedgewebview2.exe;running;0.0;0.0;45
2025-11-26 18:21:07;DESKTOP-J1U1KVK;9608;svchost.exe;running;0.0;0.0;4
2025-11-26 18:21:07;DESKTOP-J1U1KVK;9680;svchost.exe;running;0.0;0.0;5
2025-11-26 18:21:07;DESKTOP-J1U1KVK;9804;svchost.exe;running;0.0;0.0;5
2025-11-26 18:21:07;DESKTOP-J1U1KVK;9860;igfxEM.exe;running;0.0;0.0;3
2025-11-26 18:21:07;DESKTOP-J1U1KVK;9936;chrome.exe;running;0.0;0.0;16
2025-11-26 18:21:07;DESKTOP-J1U1KVK;9992;OpenConsole.exe;running;0.0;0.0;5
2025-11-26 18:21:07;DESKTOP-J1U1KVK;9996;Code.exe;running;0.0;0.0;7
2025-11-26 18:21:07;DESKTOP-J1U1KVK;10264;python.exe;running;1.2;0.0;14
2025-11-26 18:21:07;DESKTOP-J1U1KVK;10340;svchost.exe;running;0.0;0.0;9
2025-11-26 18:21:07;DESKTOP-J1U1KVK;10352;chrome.exe;running;0.3;0.0;19
2025-11-26 18:21:07;DESKTOP-J1U1KVK;10384;RtkAudUService64.exe;running;0.0;0.0;3
2025-11-26 18:21:07;DESKTOP-J1U1KVK;10492;ApplicationFrameHost.exe;running;0.0;0.0;3
2025-11-26 18:21:07;DESKTOP-J1U1KVK;10504;svchost.exe;running;0.0;0.0;4
2025-11-26 18:21:07;DESKTOP-J1U1KVK;10712;svchost.exe;running;0.2;0.0;11
2025-11-26 18:21:07;DESKTOP-J1U1KVK;10776;CrossDeviceResume.exe;running;0.0;0.0;6
2025-11-26 18:21:07;DESKTOP-J1U1KVK;10804;pet.exe;running;0.0;0.0;1
2025-11-26 18:21:07;DESKTOP-J1U1KVK;11076;conhost.exe;running;0.0;0.0;2
2025-11-26 18:21:07;DESKTOP-J1U1KVK;11204;StartMenuExperienceHost.exe;running;0.2;0.0;20
2025-11-26 18:21:07;DESKTOP-J1U1KVK;11240;chrome.exe;running;0.1;0.0;15
2025-11-26 18:21:07;DESKTOP-J1U1KVK;11268;chrome.exe;running;0.4;0.0;13
2025-11-26 18:21:07;DESKTOP-J1U1KVK;11308;WidgetBoard.exe;running;0.0;0.0;4
2025-11-26 18:21:07;DESKTOP-J1U1KVK;11356;RuntimeBroker.exe;running;0.1;0.0;15
2025-11-26 18:21:07;DESKTOP-J1U1KVK;11388;svchost.exe;running;0.0;0.0;4
2025-11-26 18:21:07;DESKTOP-J1U1KVK;11396;SearchIndexer.exe;running;0.1;0.0;9
2025-11-26 18:21:07;DESKTOP-J1U1KVK;11420;PhoneExperienceHost.exe;running;0.1;0.0;20
2025-11-26 18:21:07;DESKTOP-J1U1KVK;11424;chrome.exe;running;0.2;0.0;16
2025-11-26 18:21:07;DESKTOP-J1U1KVK;11472;node.exe;running;0.1;0.0;13
2025-11-26 18:21:07;DESKTOP-J1U1KVK;11620;Code.exe;running;0.2;0.0;24
2025-11-26 18:21:07;DESKTOP-J1U1KVK;11972;chrome.exe;running;0.0;0.0;8
2025-11-26 18:21:07;DESKTOP-J1U1KVK;12236;WidgetService.exe;running;0.0;0.0;7
2025-11-26 18:21:07;DESKTOP-J1U1KVK;12292;MSPCManagerCore.exe;running;0.2;0.0;30
2025-11-26 18:21:07;DESKTOP-J1U1KVK;12312;SearchHost.exe;running;0.2;0.0;15
2025-11-26 18:21:07;DESKTOP-J1U1KVK;12440;msedgewebview2.exe;running;0.2;0.0;21
2025-11-26 18:21:07;DESKTOP-J1U1KVK;12568;svchost.exe;running;0.0;0.0;3
2025-11-26 18:21:07;DESKTOP-J1U1KVK;12608;bash.exe;running;0.0;0.0;3
2025-11-26 18:21:07;DESKTOP-J1U1KVK;12824;RuntimeBroker.exe;running;0.0;0.0;2
2025-11-26 18:21:07;DESKTOP-J1U1KVK;12924;msedgewebview2.exe;running;0.1;0.0;20
2025-11-26 18:21:07;DESKTOP-J1U1KVK;13120;bash.exe;running;0.0;0.0;3
2025-11-26 18:21:07;DESKTOP-J1U1KVK;13152;chrome.exe;running;1.1;0.0;21
2025-11-26 18:21:07;DESKTOP-J1U1KVK;13176;UserOOBEBroker.exe;running;0.0;0.0;2
2025-11-26 18:21:07;DESKTOP-J1U1KVK;13196;svchost.exe;running;0.1;0.0;14
2025-11-26 18:21:07;DESKTOP-J1U1KVK;13244;chrome.exe;running;0.8;0.0;20
2025-11-26 18:21:07;DESKTOP-J1U1KVK;13248;ssh.exe;running;0.0;0.0;4
2025-11-26 18:21:07;DESKTOP-J1U1KVK;13288;chrome.exe;running;0.4;0.0;22
2025-11-26 18:21:07;DESKTOP-J1U1KVK;13344;Code.exe;running;0.0;0.0;9
2025-11-26 18:21:07;DESKTOP-J1U1KVK;13436;MicrosoftStartFeedProvider.exe;running;0.1;0.0;14
2025-11-26 18:21:07;DESKTOP-J1U1KVK;13520;RuntimeBroker.exe;running;0.0;0.0;2
2025-11-26 18:21:07;DESKTOP-J1U1KVK;13712;svchost.exe;running;0.0;0.0;3
2025-11-26 18:21:07;DESKTOP-J1U1KVK;13848;svchost.exe;running;0.0;0.0;2
2025-11-26 18:21:07;DESKTOP-J1U1KVK;13928;Malwarebytes.exe;running;0.8;0.0;16
2025-11-26 18:21:07;DESKTOP-J1U1KVK;14064;chrome.exe;running;1.4;0.0;19
2025-11-26 18:21:07;DESKTOP-J1U1KVK;14128;TextInputHost.exe;running;0.3;0.0;43
2025-11-26 18:21:07;DESKTOP-J1U1KVK;14300;bash.exe;running;0.0;0.0;1
2025-11-26 18:21:07;DESKTOP-J1U1KVK;14360;Code.exe;running;2.7;0.0;19
2025-11-26 18:21:07;DESKTOP-J1U1KVK;14464;git-bash.exe;running;0.0;0.0;1
2025-11-26 18:21:07;DESKTOP-J1U1KVK;14836;RuntimeBroker.exe;running;0.0;0.0;3
2025-11-26 18:21:07;DESKTOP-J1U1KVK;14856;NisSrv.exe;running;0.0;0.0;5
2025-11-26 18:21:07;DESKTOP-J1U1KVK;14896;fsnotifier.exe;running;0.0;0.0;2
2025-11-26 18:21:07;DESKTOP-J1U1KVK;14936;svchost.exe;running;0.0;0.0;5
2025-11-26 18:21:07;DESKTOP-J1U1KVK;15004;ctfmon.exe;running;0.1;0.0;11
2025-11-26 18:21:07;DESKTOP-J1U1KVK;15096;chrome.exe;running;0.1;0.0;11
2025-11-26 18:21:07;DESKTOP-J1U1KVK;15104;msedgewebview2.exe;running;0.2;0.0;44
2025-11-26 18:21:07;DESKTOP-J1U1KVK;15284;Code.exe;running;0.3;0.0;32
2025-11-26 18:21:07;DESKTOP-J1U1KVK;15308;chrome.exe;running;0.0;0.0;16
2025-11-26 18:21:07;DESKTOP-J1U1KVK;15388;chrome.exe;running;0.6;0.0;25
2025-11-26 18:21:07;DESKTOP-J1U1KVK;15544;Code.exe;running;4.9;0.0;27
2025-11-26 18:21:07;DESKTOP-J1U1KVK;15644;conhost.exe;running;0.0;0.0;3
2025-11-26 18:21:07;DESKTOP-J1U1KVK;15660;svchost.exe;running;0.0;0.0;6
2025-11-26 18:21:07;DESKTOP-J1U1KVK;15712;DellSupportAssistRemedationService.exe;running;0.1;0.0;28
2025-11-26 18:21:07;DESKTOP-J1U1KVK;15812;chrome.exe;running;0.1;0.0;19
2025-11-26 18:21:07;DESKTOP-J1U1KVK;15840;Code.exe;running;1.2;0.0;25
2025-11-26 18:21:07;DESKTOP-J1U1KVK;15892;msedgewebview2.exe;running;0.0;0.0;7
2025-11-26 18:21:07;DESKTOP-J1U1KVK;15964;WavesSvc64.exe;running;0.0;0.0;6
2025-11-26 18:21:07;DESKTOP-J1U1KVK;15988;jetbrains-toolbox.exe;running;0.7;0.0;48
2025-11-26 18:21:07;DESKTOP-J1U1KVK;16148;msedgewebview2.exe;running;0.0;0.0;19
2025-11-26 18:21:07;DESKTOP-J1U1KVK;16232;backgroundTaskHost.exe;stopped;0.0;0.0;14
2025-11-26 18:21:07;DESKTOP-J1U1KVK;16260;msedgewebview2.exe;running;0.0;0.0;20
2025-11-26 18:21:07;DESKTOP-J1U1KVK;16292;CodeSetup-stable-bf9252a2fb45be6893dd8870c0bf37e2e1766d61.tmp;running;0.0;0.0;1
2025-11-26 18:21:07;DESKTOP-J1U1KVK;16332;msedgewebview2.exe;running;0.0;0.0;9
2025-11-26 18:21:07;DESKTOP-J1U1KVK;16348;msedgewebview2.exe;running;0.0;0.0;19
2025-11-26 18:21:07;DESKTOP-J1U1KVK;16428;ShellExperienceHost.exe;stopped;0.0;0.0;19
2025-11-26 18:21:07;DESKTOP-J1U1KVK;16584;chrome.exe;running;0.1;0.0;23
2025-11-26 18:21:07;DESKTOP-J1U1KVK;16600;mcafee-security-ft.exe;running;0.0;0.0;5
2025-11-26 18:21:07;DESKTOP-J1U1KVK;16724;chrome.exe;running;2.4;0.0;46
2025-11-26 18:21:07;DESKTOP-J1U1KVK;16820;svchost.exe;running;0.1;0.0;14
2025-11-26 18:21:07;DESKTOP-J1U1KVK;16936;conhost.exe;running;0.0;0.0;5
2025-11-26 18:21:07;DESKTOP-J1U1KVK;17152;chrome.exe;running;0.0;0.0;11
2025-11-26 18:21:07;DESKTOP-J1U1KVK;17180;mcafee-security.exe;running;0.0;0.0;17
2025-11-26 18:21:07;DESKTOP-J1U1KVK;17280;svchost.exe;running;0.1;0.0;8
2025-11-26 18:21:07;DESKTOP-J1U1KVK;17312;Code.exe;running;0.0;0.0;8
2025-11-26 18:21:07;DESKTOP-J1U1KVK;17464;RuntimeBroker.exe;running;0.0;0.0;3
2025-11-26 18:21:07;DESKTOP-J1U1KVK;17468;idea64.exe;running;4.1;0.0;68
2025-11-26 18:21:07;DESKTOP-J1U1KVK;17564;bash.exe;running;0.1;0.0;3
2025-11-26 18:21:07;DESKTOP-J1U1KVK;17876;Code.exe;running;2.5;0.0;18
2025-11-26 18:21:07;DESKTOP-J1U1KVK;17940;bash.exe;running;0.0;0.0;1
2025-11-26 18:21:07;DESKTOP-J1U1KVK;18072;powershell.exe;running;0.0;0.0;9
2025-11-26 18:21:07;DESKTOP-J1U1KVK;18128;svchost.exe;running;0.0;0.0;5
2025-11-26 18:21:07;DESKTOP-J1U1KVK;18148;MySQLWorkbench.exe;running;0.2;0.0;14
2025-11-26 18:21:07;DESKTOP-J1U1KVK;18156;chrome.exe;running;0.9;0.0;22
2025-11-26 18:21:07;DESKTOP-J1U1KVK;18580;bash.exe;running;0.0;0.0;2
2025-11-26 18:21:07;DESKTOP-J1U1KVK;18772;cmd.exe;running;0.0;0.0;1
2025-11-26 18:21:07;DESKTOP-J1U1KVK;18776;node.exe;running;0.2;0.0;12
2025-11-26 18:21:07;DESKTOP-J1U1KVK;19556;svchost.exe;running;0.0;0.0;5
2025-11-26 18:21:07;DESKTOP-J1U1KVK;20080;svchost.exe;running;0.0;0.0;3
